ID,price
0,59.4219017
1,68.95407867
2,113.2140045
3,50.52891922
4,84.73454285
5,388.4984741
6,113.2140045
7,36.72633362
8,45.59563828
9,325.7478943
10,69.95281219
11,123.0559311
12,40.2276268
13,34.26641846
14,73.30075836
15,134.7966614
16,51.31787109
17,50.76728439
18,103.3142014
19,47.02502823
20,50.68888092
21,65.91658783
22,45.07485199
23,94.82828522
24,73.30075836
25,143.7384186
26,30.88075256
27,48.58619308
28,444.9619446
29,51.25124741
30,164.9390564
31,151.1672516
32,66.50478363
33,29.90171242
34,68.53924561
35,206.0004425
36,50.52891922
37,66.580513
38,60.85416031
39,153.1142273
40,36.72633362
41,287.0324707
42,172.0746155
43,111.9913635
44,62.72710419
45,47.55695724
46,51.24163437
47,46.67093277
48,43.94631195
49,147.0231171
50,44.28684998
51,428.5867615
52,46.26285553
53,44.52938843
54,68.0495224
55,92.66092682
56,187.8590851
57,192.3443604
58,113.7565155
59,134.4745331
60,66.71921539
61,98.99546814
62,277.3820801
63,69.85650635
64,83.05982971
65,47.72849655
66,44.83472824
67,83.08538055
68,152.4370117
69,207.7380676
70,113.7565155
71,69.80756378
72,83.4148941
73,41.75100327
74,112.6416931
75,195.7338257
76,102.8293076
77,159.7447052
78,52.0048027
79,70.25816345
80,154.54039
81,302.3417664
82,51.52362823
83,50.62226105
84,68.83370972
85,82.83107758
86,66.50478363
87,142.1806183
88,46.67093277
89,68.83370972
90,51.31787109
91,73.055336
92,51.25124741
93,813.3845825
94,92.59888458
95,51.31787109
96,43.70118713
97,52.15755463
98,254.4731293
99,34.71864319
100,326.0176392
101,73.30075836
102,212.9210815
103,196.6517944
104,314.7359924
105,50.68888092
106,113.2140045
107,157.3605957
108,58.78782272
109,570.3427124
110,66.70811462
111,69.5211792
112,101.4978333
113,68.95407867
114,221.0678406
115,66.31025696
116,50.76728439
117,140.7490234
118,146.7935181
119,43.94631195
120,51.31787109
121,87.74607086
122,114.4908142
123,68.83370972
124,46.67093277
125,49.88079453
126,168.242981
127,169.8638458
128,44.3250885
129,51.25124741
130,158.9715881
131,50.76728439
132,79.59471893
133,46.72711945
134,51.31787109
135,294.2304688
136,124.3435059
137,51.25124741
138,86.87387848
139,51.25124741
140,86.04119873
141,31.35761452
142,51.35588455
143,164.7050629
144,114.4908142
145,51.31787109
146,83.76660156
147,66.50478363
148,53.35627747
149,83.4148941
150,86.47238159
151,68.83370972
152,51.87062454
153,157.6038513
154,158.9715881
155,67.79136658
156,102.6542358
157,114.4908142
158,67.22138214
159,287.6112671
160,51.25124741
161,67.45397186
162,66.77414703
163,72.634758
164,50.32478333
165,69.64958191
166,343.4745789
167,68.83370972
168,66.77864838
169,36.88355255
170,82.88401794
171,66.8346405
172,67.86467743
173,223.4697571
174,68.06517029
175,123.1830368
176,47.72849655
177,430.8061829
178,82.74776459
179,144.2962341
180,52.72728729
181,52.0048027
182,46.84200668
183,127.5907669
184,128.8740997
185,83.4148941
186,52.0048027
187,51.25124741
188,60.85416031
189,67.07751465
190,157.3605957
191,113.2140045
192,46.3018074
193,52.15755463
194,44.83472824
195,66.580513
196,449.068634
197,103.4114151
198,72.96800995
199,68.74502563
200,66.54815674
201,68.95407867
202,137.513916
203,129.446167
204,73.30075836
205,81.57238007
206,50.52891922
207,70.43108368
208,67.07751465
209,68.49988556
210,50.84490585
211,52.08182526
212,50.39742279
213,50.62226105
214,47.39700317
215,248.7282715
216,44.3250885
217,73.14324188
218,46.67093277
219,113.3765259
220,44.98062134
221,83.354599
222,66.77414703
223,81.60318756
224,52.15755463
225,283.0440674
226,52.08182526
227,113.9656677
228,60.66859055
229,417.7756348
230,158.9715881
231,291.7871094
232,51.52362823
233,68.83370972
234,66.580513
235,51.31787109
236,30.32539177
237,73.30075836
238,110.9653244
239,46.84200668
240,152.4370117
241,140.2021637
242,51.25124741
243,66.8498764
244,113.7565155
245,51.31787109
246,50.12257767
247,50.62226105
248,83.4148941
249,67.86467743
250,113.7565155
251,47.83600998
252,281.2442017
253,52.08182526
254,351.3977051
255,51.31787109
256,190.7998962
257,237.1757813
258,123.0559311
259,52.08182526
260,114.8892975
261,113.7565155
262,155.1289673
263,108.981575
264,46.81097412
265,127.9403152
266,66.8660965
267,43.70118713
268,128.1210785
269,50.62226105
270,287.4724426
271,51.31787109
272,134.4340515
273,70.15074158
274,68.49988556
275,51.31787109
276,46.67093277
277,270.8430786
278,105.0620651
279,134.8942719
280,70.25816345
281,113.1386642
282,73.21285248
283,51.31787109
284,195.0607147
285,46.67093277
286,86.76587677
287,72.96800995
288,73.30075836
289,70.25816345
290,66.8660965
291,199.7987671
292,68.83370972
293,113.2140045
294,34.10012817
295,47.29780197
296,66.50478363
297,52.067276
298,82.88401794
299,46.8110199
300,196.6517944
301,51.31787109
302,66.77864838
303,70.25816345
304,83.4148941
305,45.07485199
306,67.40254211
307,68.22512817
308,146.2135925
309,118.6401367
310,46.07767105
311,155.4234314
312,66.50478363
313,135.9821167
314,49.1023941
315,120.1941986
316,316.520813
317,44.83472824
318,134.1530151
319,51.25124741
320,51.25124741
321,51.24163437
322,54.25789261
323,110.9653244
324,73.30075836
325,109.5177155
326,44.08496475
327,284.0800781
328,113.2140045
329,47.25709534
330,72.96800995
331,83.08214569
332,82.88401794
333,72.84282684
334,51.59025192
335,159.6091614
336,93.52115631
337,44.3250885
338,34.63315201
339,51.31787109
340,279.4143677
341,60.26647949
342,67.00070953
343,290.8139954
344,83.54331207
345,313.4505615
346,153.3574524
347,98.01027679
348,52.65568542
349,66.85438538
350,140.3436584
351,218.0510559
352,50.62226105
353,98.13980103
354,102.4674683
355,52.15755463
356,50.68888092
357,146.1237488
358,343.630127
359,343.630127
360,107.5617447
361,68.83370972
362,79.33472443
363,103.5808411
364,66.580513
365,113.0888214
366,67.07751465
367,66.8498764
368,51.165905
369,44.3250885
370,66.52909088
371,82.95696259
372,52.15755463
373,37.1236763
374,311.4181824
375,172.8927307
376,227.0344543
377,73.30075836
378,97.83567047
379,317.2248535
380,45.44260788
381,67.03059387
382,103.2055054
383,68.83370972
384,52.08182526
385,70.25816345
386,83.49555206
387,332.4364014
388,144.2962341
389,103.8930893
390,103.8930893
391,113.5202026
392,104.3115616
393,51.4528389
394,283.0440674
395,68.0495224
396,83.4148941
397,162.6728973
398,83.25287628
399,192.5530701
400,67.86467743
401,84.39433289
402,66.64830017
403,139.7758789
404,105.1613922
405,66.580513
406,67.45397186
407,51.31787109
408,68.40694427
409,73.14324188
410,71.091362
411,51.25124741
412,53.76118088
413,68.95407867
414,313.6130981
415,129.6619263
416,44.08496475
417,52.0048027
418,34.58610153
419,211.9686279
420,111.7822113
421,66.580513
422,153.6730957
423,113.9656677
424,812.1234741
425,83.54331207
426,197.5133667
427,43.8608284
428,66.77414703
429,43.4254303
430,72.7694397
431,51.25124741
432,44.61059189
433,113.2140045
434,72.7599411
435,29.1882019
436,90.8405304
437,73.30075836
438,130.0307922
439,66.72722626
440,379.183075
441,335.5101624
442,68.95407867
443,51.4841423
444,610.0456543
445,115.7772827
446,149.8258667
447,51.25124741
448,47.02502823
449,120.3193817
450,67.07751465
451,304.280304
452,83.54331207
453,75.57595062
454,72.96800995
455,83.41812897
456,70.01448822
457,50.04495621
458,66.50478363
459,65.58435059
460,44.77451324
461,29.82474327
462,83.54331207
463,51.31787109
464,68.49988556
465,66.60150909
466,129.5402679
467,169.9473419
468,67.45397186
469,40.2276268
470,83.24195099
471,51.25124741
472,151.4368286
473,430.0256653
474,66.50478363
475,68.95407867
476,71.45482635
477,51.31787109
478,68.83370972
479,96.02268982
480,66.77864838
481,103.8930893
482,68.95407867
483,159.7064056
484,71.45482635
485,51.66707611
486,734.8970947
487,72.634758
488,102.7041245
489,127.4083633
490,50.84490585
491,346.4589844
492,52.15755463
493,113.7565155
494,280.425415
495,51.25124741
496,154.54039
497,66.77864838
498,66.580513
499,51.25124741
500,51.79489517
501,66.50478363
502,72.03580475
503,64.97438812
504,146.1237488
505,70.25816345
506,73.30075836
507,151.5032349
508,53.06744766
509,43.70118713
510,103.4114151
511,66.50478363
512,50.62226105
513,46.48699188
514,44.3250885
515,91.97564697
516,117.4125214
517,34.56211853
518,70.84625244
519,54.35825729
520,281.591156
521,46.3018074
522,83.54331207
523,108.1665115
524,50.52891922
525,70.15074158
526,50.68888092
527,46.48699188
528,104.6041336
529,52.65155792
530,109.5606689
531,116.7787628
532,120.3193817
533,51.25124741
534,456.357605
535,43.94631195
536,158.0368958
537,78.62905884
538,311.6446533
539,62.30166245
540,272.01828
541,45.48812485
542,195.2972717
543,137.3673553
544,120.0312347
545,50.68888092
546,29.82474327
547,67.62284851
548,43.4254303
549,50.76728439
550,172.750885
551,66.580513
552,156.0060425
553,132.2976074
554,51.25124741
555,81.47064972
556,83.25739288
557,44.82196045
558,280.453949
559,67.45397186
560,50.68888092
561,114.4908142
562,122.2760315
563,120.3193817
564,83.17016602
565,130.6858215
566,67.03059387
567,36.72633362
568,51.31787109
569,44.51636124
570,283.0440674
571,82.75813293
572,160.157959
573,118.7061615
574,66.85438538
575,193.7795715
576,360.2814331
577,66.77864838
578,98.01691437
579,50.62226105
580,50.62226105
581,52.65155792
582,113.2140045
583,51.25124741
584,164.9377136
585,81.47064972
586,46.62242508
587,113.7565155
588,104.1360168
589,100.0413666
590,333.3687744
591,103.0045547
592,73.055336
593,72.96800995
594,82.5893631
595,193.8116608
596,73.30075836
597,66.85438538
598,122.5598755
599,52.08182526
600,82.68185425
601,46.84200668
602,228.9771271
603,43.8608284
604,74.61403656
605,50.68888092
606,83.289711
607,69.14476013
608,86.49799347
609,161.246521
610,72.96800995
611,83.4148941
612,75.57595062
613,103.8930893
614,111.9073944
615,36.88355255
616,44.08496475
617,66.580513
618,36.61088562
619,120.3193817
620,66.79036713
621,107.2557831
622,52.65568542
623,72.96800995
624,52.57944489
625,52.15755463
626,113.7565155
627,147.1060791
628,119.0372162
629,73.30075836
630,47.3212738
631,70.25816345
632,51.25124741
633,83.25739288
634,374.0376282
635,44.83472824
636,378.7975464
637,51.66707611
638,68.40694427
639,82.88401794
640,103.0057068
641,292.8029785
642,132.2341156
643,83.4148941
644,60.76193237
645,131.2501984
646,51.25124741
647,192.190033
648,44.83472824
649,208.3769989
650,71.45482635
651,51.25124741
652,46.3018074
653,367.0377197
654,661.7711182
655,51.31787109
656,50.62226105
657,79.4286499
658,196.1737976
659,69.35360718
660,66.580513
661,50.76728439
662,34.4851532
663,120.3193817
664,477.647583
665,83.25739288
666,82.74776459
667,266.4017944
668,255.2490234
669,68.83370972
670,69.90378571
671,296.6490784
672,145.8323975
673,113.2140045
674,51.31787109
675,79.4286499
676,44.87466049
677,159.037323
678,103.8930893
679,66.85438538
680,83.4148941
681,53.07382965
682,162.4895935
683,52.42993927
684,62.1841507
685,66.03214264
686,66.07653809
687,461.2315674
688,50.52891922
689,51.25124741
690,111.2397003
691,46.3018074
692,196.0523071
693,68.81782532
694,158.9715881
695,70.25816345
696,166.2596741
697,66.50478363
698,51.25124741
699,268.5435486
700,164.1117554
701,51.31787109
702,196.6517944
703,66.23451996
704,82.88401794
705,100.5249481
706,83.4148941
707,208.3769989
708,158.9715881
709,136.1088715
710,660.0457764
711,43.66555405
712,50.04495621
713,70.25816345
714,73.30075836
715,159.2148132
716,50.68888092
717,43.8608284
718,302.9397583
719,50.68888092
720,46.81097412
721,284.9343872
722,227.8992462
723,34.35190964
724,139.3087921
725,157.6038513
726,88.73678589
727,66.60092163
728,167.2641602
729,51.52856827
730,75.17448425
731,40.2276268
732,111.1417542
733,143.0223999
734,51.25124741
735,52.08182526
736,134.4320679
737,70.25816345
738,66.51670074
739,119.0372162
740,228.470993
741,50.84490585
742,334.4031067
743,73.30075836
744,157.2941895
745,166.9472198
746,311.0091248
747,51.52856827
748,51.03808594
749,50.84490585
750,46.72711945
751,103.3560028
752,353.6813354
753,136.6635437
754,83.54331207
755,293.1104431
756,219.6277771
757,66.34580231
758,73.32613373
759,335.5101624
760,52.15755463
761,333.6023254
762,93.96987152
763,110.9653244
764,147.7820435
765,50.62226105
766,113.2140045
767,70.25816345
768,63.35969925
769,29.82474327
770,190.9584656
771,68.65984344
772,70.01448822
773,66.580513
774,95.61181641
775,53.35627747
776,111.9073944
777,83.4148941
778,59.93719482
779,278.9572449
780,103.1913223
781,51.52856827
782,51.59025192
783,83.4148941
784,156.9702911
785,676.8364868
786,50.84490585
787,171.8406982
788,82.58978271
789,344.7939148
790,83.24195099
791,51.79489517
792,68.65984344
793,51.25124741
794,52.15755463
795,50.62226105
796,146.8972626
797,67.03059387
798,237.6630859
799,51.25124741
800,196.6517944
801,50.76728439
802,52.15755463
803,51.31787109
804,129.4389801
805,93.77547455
806,68.83370972
807,119.6678314
808,45.07485199
809,82.88401794
810,158.303772
811,134.3300476
812,66.55491638
813,68.95407867
814,290.1188965
815,388.8014221
816,354.2383118
817,66.31025696
818,155.9264526
819,66.50478363
820,51.25124741
821,66.77414703
822,73.09268951
823,118.5809784
824,273.7312317
825,66.79278564
826,152.9698181
827,244.3542938
828,48.35721588
829,43.8608284
830,68.0495224
831,82.88401794
832,66.50478363
833,50.04495621
834,196.6517944
835,89.28347778
836,69.80756378
837,176.7510223
838,82.98574829
839,59.02959442
840,65.3709259
841,105.9465637
842,34.26641846
843,48.15370941
844,72.93518829
845,68.64258575
846,167.04599
847,45.48812485
848,141.3150024
849,328.0795898
850,78.65576172
851,299.12677
852,73.09268951
853,53.95767975
854,66.77414703
855,44.85071564
856,66.74658203
857,134.3778381
858,68.83370972
859,156.0060425
860,135.3535156
861,56.51596832
862,152.9395142
863,81.75461578
864,297.104126
865,51.25124741
866,82.88401794
867,111.9073944
868,113.7565155
869,68.83370972
870,68.74502563
871,67.45397186
872,66.85438538
873,50.8813858
874,66.50478363
875,68.64258575
876,103.464653
877,112.51651
878,83.25287628
879,46.94952011
880,83.4148941
881,288.627655
882,66.8498764
883,66.50478363
884,72.96800995
885,82.49295807
886,69.80756378
887,194.4438019
888,111.9073944
889,433.1135254
890,67.45397186
891,196.0739136
892,173.5330505
893,197.0631409
894,72.96800995
895,31.35761452
896,70.83914185
897,342.1085205
898,111.3648834
899,82.98574829
900,73.30075836
901,46.81097412
902,118.0624847
903,158.9715881
904,66.50478363
905,44.3250885
906,73.30075836
907,50.68888092
908,77.75012207
909,82.88401794
910,50.68888092
911,69.48962402
912,51.35588455
913,103.1918945
914,66.50478363
915,99.67061615
916,79.4286499
917,67.45397186
918,114.4908142
919,43.8608284
920,245.2236481
921,1321.284058
922,70.01448822
923,83.4148941
924,51.25124741
925,66.50478363
926,66.50478363
927,76.69419861
928,325.2533264
929,82.98574829
930,92.81260681
931,45.07485199
932,190.946167
933,36.82884979
934,34.63315201
935,196.8526764
936,121.2430115
937,50.68888092
938,56.18959427
939,112.6416931
940,158.9715881
941,52.08182526
942,134.8296661
943,66.580513
944,50.68888092
945,52.08182526
946,73.30075836
947,228.8800659
948,111.9487457
949,120.3193817
950,84.15940857
951,431.8696594
952,113.2140045
953,74.15190125
954,68.74502563
955,67.86467743
956,103.8291702
957,160.7265015
958,83.41812897
959,483.1697083
960,66.85438538
961,48.38785172
962,66.44097137
963,102.7389679
964,78.62905884
965,66.77864838
966,83.12699127
967,120.5262909
968,44.08496475
969,43.8608284
970,66.77864838
971,43.8608284
972,67.07751465
973,44.83472824
974,66.580513
975,44.08496475
976,72.88010406
977,83.2596283
978,66.50478363
979,67.59532928
980,113.7565155
981,70.15074158
982,82.5893631
983,112.4537506
984,83.289711
985,326.9601746
986,67.45397186
987,51.25124741
988,195.8826294
989,187.0491638
990,283.3077087
991,121.3766861
992,283.938385
993,55.86822891
994,53.08891678
995,289.5005188
996,113.5824356
997,417.7114258
998,43.94631195
999,134.2921295
1000,344.9961853
1001,51.25124741
1002,159.2805481
1003,72.96800995
1004,30.52983284
1005,82.05768585
1006,68.54134369
1007,52.58906555
1008,51.31787109
1009,68.0495224
1010,83.08214569
1011,157.6038513
1012,142.6949768
1013,66.85438538
1014,113.2140045
1015,46.3018074
1016,92.58921051
1017,58.88971329
1018,456.2353821
1019,159.2148132
1020,44.83472824
1021,51.31787109
1022,109.3380508
1023,51.4528389
1024,84.67795563
1025,73.09268951
1026,44.08496475
1027,52.0048027
1028,33.92744827
1029,100.0413666
1030,70.25816345
1031,82.88401794
1032,102.9845581
1033,50.12257767
1034,51.4528389
1035,51.31787109
1036,334.4031067
1037,66.7589035
1038,67.45397186
1039,68.83859253
1040,65.58435059
1041,46.67093277
1042,66.77864838
1043,46.48699188
1044,51.25124741
1045,145.1882935
1046,194.6351776
1047,113.2140045
1048,66.580513
1049,83.4148941
1050,46.84200668
1051,51.25124741
1052,158.9715881
1053,44.28684998
1054,119.8467712
1055,53.33041
1056,66.77414703
1057,83.4148941
1058,45.24300003
1059,69.85650635
1060,120.3193817
1061,63.26571655
1062,65.39647675
1063,74.75696564
1064,112.6416931
1065,82.88401794
1066,70.15074158
1067,70.15074158
1068,47.52137375
1069,50.62226105
1070,68.64258575
1071,51.31787109
1072,194.3755798
1073,83.08214569
1074,51.87062454
1075,82.78358459
1076,78.62905884
1077,344.9961853
1078,190.946167
1079,103.7679062
1080,256.8449402
1081,59.56734467
1082,415.2773132
1083,290.1188965
1084,83.28900909
1085,52.0048027
1086,82.74776459
1087,50.62226105
1088,280.7373047
1089,111.2344437
1090,51.25124741
1091,70.15074158
1092,195.7111359
1093,78.42099762
1094,114.515976
1095,61.59718323
1096,51.25124741
1097,83.54238129
1098,44.08496475
1099,66.45336151
1100,103.8930893
1101,105.271904
1102,185.1034241
1103,157.6038513
1104,50.52891922
1105,45.59563828
1106,104.64431
1107,1431.090698
1108,195.4529114
1109,51.31787109
1110,83.4148941
1111,51.31787109
1112,273.7073364
1113,141.5713959
1114,134.4745331
1115,50.84490585
1116,113.2140045
1117,51.25124741
1118,159.2148132
1119,34.63315201
1120,40.2276268
1121,45.48812485
1122,208.3769989
1123,81.33438873
1124,40.2276268
1125,67.45397186
1126,113.7565155
1127,152.1656799
1128,69.35360718
1129,110.9653244
1130,73.14324188
1131,50.68888092
1132,70.25816345
1133,83.4148941
1134,46.84200668
1135,58.30472183
1136,280.453949
1137,50.62226105
1138,51.25124741
1139,66.77414703
1140,113.9656677
1141,83.4148941
1142,44.83472824
1143,83.12699127
1144,50.68888092
1145,83.4148941
1146,46.26285553
1147,83.4148941
1148,51.25124741
1149,83.12699127
1150,82.88401794
1151,50.76728439
1152,68.65984344
1153,476.1445618
1154,66.50478363
1155,83.4148941
1156,157.6038513
1157,361.1314087
1158,47.83600998
1159,66.580513
1160,274.6683044
1161,70.25816345
1162,114.4908142
1163,113.7565155
1164,67.86467743
1165,68.83370972
1166,51.31787109
1167,67.0519104
1168,66.55734253
1169,68.83370972
1170,185.1978607
1171,48.81703568
1172,113.3765259
1173,157.3605957
1174,51.25124741
1175,274.3257141
1176,46.46247101
1177,66.50478363
1178,134.1530151
1179,43.94631195
1180,46.67093277
1181,50.68888092
1182,79.59471893
1183,162.1246796
1184,73.30075836
1185,55.52893829
1186,134.8942719
1187,50.62226105
1188,130.6858215
1189,128.9405518
1190,44.3250885
1191,94.64789581
1192,44.55158234
1193,46.48699188
1194,54.38199234
1195,63.3832283
1196,67.86467743
1197,51.31787109
1198,36.78379822
1199,72.634758
1200,1199.383057
1201,52.37590027
1202,127.5907669
1203,46.67093277
1204,113.2140045
1205,67.35107422
1206,67.07751465
1207,81.75461578
1208,83.28900909
1209,58.75934982
1210,51.25124741
1211,82.5893631
1212,52.08182526
1213,51.31787109
1214,129.8778687
1215,111.7822113
1216,196.6517944
1217,29.82474327
1218,50.62226105
1219,66.580513
1220,50.62226105
1221,280.8144836
1222,194.8260193
1223,69.95281219
1224,67.75528717
1225,68.75113678
1226,102.3740616
1227,114.4908142
1228,51.31787109
1229,171.9020386
1230,195.6401062
1231,131.0730286
1232,192.0871277
1233,51.79489517
1234,50.84490585
1235,109.3380508
1236,105.6118698
1237,51.25124741
1238,130.1390686
1239,72.96800995
1240,71.45482635
1241,47.72849655
1242,52.08182526
1243,67.41049194
1244,47.10925293
1245,332.5789185
1246,83.08214569
1247,160.7222748
1248,83.33433533
1249,67.41049194
1250,236.0883789
1251,136.6173401
1252,594.354187
1253,67.5704422
1254,111.9971924
1255,67.07751465
1256,192.0218506
1257,66.580513
1258,50.62226105
1259,91.41542816
1260,45.07485199
1261,47.83600998
1262,125.9115067
1263,91.53327179
1264,162.7099304
1265,496.1990356
1266,66.50478363
1267,110.4103241
1268,328.3857422
1269,132.8190002
1270,283.5364685
1271,78.07614136
1272,51.25124741
1273,46.67093277
1274,66.580513
1275,70.25816345
1276,30.01766396
1277,67.45397186
1278,30.82343292
1279,60.93616486
1280,69.64958191
1281,66.77414703
1282,83.54331207
1283,51.165905
1284,104.64431
1285,50.949543
1286,52.0048027
1287,142.075882
1288,44.83472824
1289,29.1882019
1290,73.83740234
1291,44.08496475
1292,113.9656677
1293,52.08182526
1294,953.4317627
1295,172.335083
1296,51.25124741
1297,68.49988556
1298,158.1524506
1299,114.4908142
1300,130.6858215
1301,40.2276268
1302,29.91046333
1303,68.81782532
1304,171.4733582
1305,67.41049194
1306,71.44364929
1307,51.24163437
1308,157.3605957
1309,68.95407867
1310,245.221817
1311,66.8498764
1312,89.23461914
1313,46.84200668
1314,212.2445374
1315,47.33338547
1316,46.26285553
1317,66.77414703
1318,66.85438538
1319,103.8930893
1320,67.45397186
1321,44.08496475
1322,127.5907669
1323,47.83600998
1324,46.3018074
1325,226.8654938
1326,47.52137375
1327,51.74455261
1328,114.4908142
1329,73.30075836
1330,153.1142273
1331,91.45294952
1332,585.1619873
1333,112.6416931
1334,46.68660736
1335,100.2685623
1336,37.1236763
1337,73.30075836
1338,82.88401794
1339,53.55141449
1340,68.95407867
1341,51.25124741
1342,67.86467743
1343,46.26285553
1344,52.15755463
1345,51.25124741
1346,68.83370972
1347,50.62226105
1348,73.30075836
1349,51.52362823
1350,215.1219482
1351,47.37353134
1352,134.2496796
1353,50.52891922
1354,101.1536789
1355,104.0587769
1356,130.6858215
1357,72.96800995
1358,67.75528717
1359,36.72633362
1360,73.30075836
1361,84.73342896
1362,51.25124741
1363,67.08201599
1364,343.6834717
1365,104.7136688
1366,103.8930893
1367,113.8404846
1368,65.58435059
1369,51.35588455
1370,121.3103256
1371,66.8498764
1372,82.74776459
1373,113.3765259
1374,82.31300354
1375,97.89765167
1376,129.5860596
1377,50.84490585
1378,44.08496475
1379,192.2380219
1380,50.68888092
1381,30.81521416
1382,113.7565155
1383,129.2352295
1384,47.33282471
1385,51.52856827
1386,51.52362823
1387,66.580513
1388,51.25124741
1389,67.45397186
1390,82.98574829
1391,50.68888092
1392,66.54815674
1393,248.3573456
1394,158.9715881
1395,68.74502563
1396,63.26267242
1397,113.7565155
1398,46.46247101
1399,174.0995483
1400,151.7464905
1401,85.86143494
1402,323.382019
1403,316.7493896
1404,182.5185089
1405,47.74707031
1406,72.84282684
1407,66.580513
1408,50.94800949
1409,51.25124741
1410,127.5907669
1411,106.7733078
1412,215.604187
1413,47.07366562
1414,195.6182251
1415,51.25124741
1416,113.7565155
1417,290.1188965
1418,130.6858215
1419,87.59429932
1420,67.77918243
1421,193.4560242
1422,157.6038513
1423,119.0372162
1424,51.25124741
1425,46.84200668
1426,66.50478363
1427,83.54238129
1428,68.83370972
1429,131.5256653
1430,70.25816345
1431,360.2794189
1432,137.6753082
1433,203.8412323
1434,46.67093277
1435,47.52137375
1436,292.6887512
1437,67.08201599
1438,44.61059189
1439,63.67181015
1440,52.08182526
1441,114.4908142
1442,68.83370972
1443,52.08182526
1444,234.0540314
1445,67.86467743
1446,429.834198
1447,132.4071045
1448,300.5567932
1449,134.34935
1450,44.61059189
1451,66.580513
1452,51.79489517
1453,98.97029877
1454,52.08182526
1455,103.4114151
1456,112.4536514
1457,46.57085037
1458,302.7108154
1459,112.6416931
1460,44.83472824
1461,120.3193817
1462,104.5702362
1463,66.50478363
1464,51.31787109
1465,68.95407867
1466,70.15074158
1467,144.2962341
1468,50.76728439
1469,50.84490585
1470,85.56212616
1471,145.687149
1472,82.88401794
1473,44.08496475
1474,44.83472824
1475,254.9635315
1476,133.6517639
1477,192.8223267
1478,100.7909851
1479,147.1747437
1480,69.14476013
1481,66.50478363
1482,120.3193817
1483,47.17287064
1484,72.42046356
1485,52.08182526
1486,107.4705276
1487,50.62226105
1488,44.74049759
1489,44.83472824
1490,68.22512817
1491,70.25816345
1492,67.59532928
1493,82.74776459
1494,147.6573486
1495,399.6736145
1496,68.95407867
1497,83.4148941
1498,66.580513
1499,82.36164856
1500,68.95407867
1501,79.4286499
1502,66.8498764
1503,119.507019
1504,52.57944489
1505,34.4851532
1506,50.52891922
1507,30.29870987
1508,325.3457947
1509,51.31787109
1510,58.78782272
1511,71.45482635
1512,56.18959427
1513,34.64237595
1514,133.8264465
1515,50.76728439
1516,46.84200668
1517,83.4148941
1518,50.62226105
1519,89.28347778
1520,68.49988556
1521,150.5824738
1522,51.24163437
1523,83.4148941
1524,285.3226013
1525,129.1360779
1526,113.7565155
1527,51.31787109
1528,130.8692932
1529,51.31787109
1530,51.25124741
1531,62.30166245
1532,51.31787109
1533,34.4851532
1534,51.25124741
1535,83.54331207
1536,269.8438416
1537,66.50478363
1538,70.15074158
1539,103.535965
1540,53.95767975
1541,65.91658783
1542,157.3605957
1543,104.1407166
1544,70.25816345
1545,51.25124741
1546,119.507019
1547,50.68888092
1548,98.28135681
1549,65.58435059
1550,66.47242737
1551,51.59025192
1552,82.74776459
1553,218.4656067
1554,312.5783691
1555,105.6145325
1556,113.2140045
1557,193.7543945
1558,51.79489517
1559,186.0593872
1560,51.31787109
1561,67.45397186
1562,68.22512817
1563,67.0519104
1564,74.37641907
1565,83.289711
1566,103.8930893
1567,68.83370972
1568,50.76728439
1569,71.00423431
1570,49.9847641
1571,47.98719406
1572,46.07767105
1573,72.96800995
1574,529.529541
1575,49.88079453
1576,149.4730225
1577,50.52891922
1578,51.31787109
1579,177.1397552
1580,72.84282684
1581,95.33639526
1582,83.4148941
1583,51.52856827
1584,83.4148941
1585,66.50478363
1586,83.4148941
1587,52.08182526
1588,90.40384674
1589,47.83600998
1590,51.31787109
1591,61.60244751
1592,86.18260193
1593,120.3193817
1594,113.2140045
1595,46.3018074
1596,142.7579956
1597,144.8361359
1598,83.4148941
1599,159.037323
1600,51.165905
1601,49.50079727
1602,44.08496475
1603,66.7589035
1604,274.3257141
1605,51.31787109
1606,127.6253586
1607,70.25816345
1608,50.76728439
1609,67.45397186
1610,66.50478363
1611,103.8930893
1612,259.765625
1613,256.3292236
1614,159.2805481
1615,67.59532928
1616,83.36713409
1617,139.0982819
1618,50.62226105
1619,68.32815552
1620,51.52856827
1621,69.14476013
1622,68.83370972
1623,55.94395828
1624,208.3769989
1625,44.08496475
1626,112.6416931
1627,72.96800995
1628,83.54331207
1629,109.8563461
1630,51.25124741
1631,46.48699188
1632,33.30209351
1633,52.07142639
1634,66.580513
1635,73.17557526
1636,197.8530579
1637,98.09055328
1638,51.25124741
1639,103.0045547
1640,68.0495224
1641,65.39647675
1642,47.1734314
1643,67.14878082
1644,52.0048027
1645,69.85650635
1646,70.15074158
1647,158.0368958
1648,151.2158508
1649,71.45482635
1650,50.68888092
1651,226.2492218
1652,70.25816345
1653,44.83472824
1654,35.4653244
1655,70.83914185
1656,46.26285553
1657,147.0649872
1658,104.7293167
1659,195.2860718
1660,51.31787109
1661,69.10070801
1662,67.03795624
1663,43.8608284
1664,51.25124741
1665,70.25816345
1666,50.76728439
1667,68.95407867
1668,43.70118713
1669,66.580513
1670,72.96800995
1671,52.15755463
1672,51.87062454
1673,82.88401794
1674,67.08201599
1675,158.0786438
1676,288.7395325
1677,110.9716034
1678,34.4851532
1679,166.0860596
1680,127.5907669
1681,148.5093384
1682,104.9045563
1683,50.68888092
1684,68.95407867
1685,143.1125336
1686,47.1734314
1687,65.39810181
1688,51.79489517
1689,46.67093277
1690,114.3656311
1691,362.0440674
1692,114.4908142
1693,113.2140045
1694,44.3250885
1695,143.5101929
1696,197.5133667
1697,568.34021
1698,195.121582
1699,229.6749573
1700,52.15755463
1701,51.79489517
1702,83.4148941
1703,57.81260681
1704,196.9442139
1705,47.83600998
1706,50.76728439
1707,157.3605957
1708,30.88075256
1709,155.4940491
1710,486.9528198
1711,68.83370972
1712,44.08496475
1713,83.12626648
1714,51.25124741
1715,70.15074158
1716,51.78769302
1717,73.32613373
1718,83.4148941
1719,68.83370972
1720,151.4368286
1721,47.83600998
1722,66.580513
1723,68.65984344
1724,193.9607544
1725,50.68888092
1726,30.19081879
1727,68.83370972
1728,51.25124741
1729,289.0826111
1730,77.51820374
1731,46.89363098
1732,422.811554
1733,47.83600998
1734,327.3114624
1735,457.8517761
1736,70.25816345
1737,305.305542
1738,51.87062454
1739,95.91779327
1740,66.1636734
1741,68.95407867
1742,112.7743759
1743,83.38581085
1744,82.74776459
1745,73.94203186
1746,51.89953232
1747,112.1792908
1748,47.1734314
1749,195.8425598
1750,68.65984344
1751,50.76728439
1752,288.5749512
1753,89.71192169
1754,46.48699188
1755,84.95182037
1756,67.78891754
1757,222.2389832
1758,153.3574524
1759,68.65984344
1760,70.91764832
1761,73.21285248
1762,134.1530151
1763,104.9919662
1764,82.88401794
1765,67.09373474
1766,145.4295654
1767,83.4148941
1768,68.0495224
1769,195.2697906
1770,68.95407867
1771,66.50478363
1772,135.7076569
1773,44.3250885
1774,51.52362823
1775,52.08182526
1776,43.94631195
1777,29.98276329
1778,158.7413635
1779,69.12014771
1780,102.2601013
1781,113.2140045
1782,298.0435486
1783,153.8171692
1784,117.144989
1785,94.11450195
1786,50.52891922
1787,444.3869019
1788,51.31787109
1789,132.8047943
1790,52.0048027
1791,66.580513
1792,67.08201599
1793,494.6211853
1794,128.3983917
1795,192.5734863
1796,121.186264
1797,85.72257233
1798,66.55491638
1799,149.9918365
1800,103.8930893
1801,96.36682129
1802,70.15074158
1803,109.6258698
1804,50.04495621
1805,72.84282684
1806,52.08182526
1807,67.79136658
1808,103.5738525
1809,99.22786713
1810,69.35360718
1811,454.7711487
1812,52.15755463
1813,113.7565155
1814,733.970459
1815,46.84200668
1816,69.80756378
1817,51.31787109
1818,114.1376343
1819,66.50478363
1820,208.3769989
1821,52.15755463
1822,52.08182526
1823,129.510025
1824,228.3751373
1825,156.1857452
1826,51.87062454
1827,479.6823425
1828,68.83370972
1829,278.8597717
1830,51.52083969
1831,51.87062454
1832,71.24271393
1833,51.79489517
1834,50.04495621
1835,153.2326355
1836,67.91326904
1837,147.7958984
1838,40.2276268
1839,152.8187561
1840,117.4240112
1841,67.59532928
1842,70.25816345
1843,70.25816345
1844,68.95407867
1845,46.57085037
1846,120.3193817
1847,113.2140045
1848,157.6038513
1849,47.48122787
1850,47.51992416
1851,158.9715881
1852,65.75741577
1853,120.1941986
1854,73.30075836
1855,37.1236763
1856,91.53327179
1857,118.6401367
1858,50.52891922
1859,263.4953613
1860,148.4359131
1861,70.15074158
1862,71.45482635
1863,197.5741272
1864,175.8757324
1865,90.41410065
1866,112.6416931
1867,107.5074539
1868,106.8111267
1869,67.03059387
1870,51.79489517
1871,275.2499695
1872,52.78689575
1873,66.580513
1874,51.31787109
1875,83.4148941
1876,68.49988556
1877,50.62226105
1878,68.83370972
1879,83.4148941
1880,66.580513
1881,51.25124741
1882,70.15074158
1883,530.1553345
1884,103.7679062
1885,70.15074158
1886,81.71108246
1887,50.62226105
1888,335.5101624
1889,43.66555405
1890,72.96800995
1891,51.03966522
1892,91.75183105
1893,68.83370972
1894,52.34359741
1895,228.5205688
1896,66.50478363
1897,155.2939606
1898,83.36713409
1899,334.4031067
1900,47.1734314
1901,140.9314117
1902,81.65151978
1903,116.5753174
1904,83.41812897
1905,66.580513
1906,51.52856827
1907,66.50478363
1908,286.7118835
1909,30.19081879
1910,43.8608284
1911,201.7495728
1912,40.2276268
1913,67.89672089
1914,495.0047913
1915,253.470871
1916,223.5001526
1917,55.94395828
1918,229.3323975
1919,66.580513
1920,50.44412613
1921,44.61059189
1922,52.15755463
1923,29.82474327
1924,89.44461823
1925,66.580513
1926,118.6401367
1927,53.2805481
1928,67.07751465
1929,51.31787109
1930,363.1183472
1931,46.84200668
1932,105.0620651
1933,63.42631912
1934,52.3542099
1935,46.67093277
1936,82.88401794
1937,129.8669739
1938,157.3605957
1939,66.50478363
1940,43.8608284
1941,83.4148941
1942,68.95407867
1943,355.6043701
1944,221.4558105
1945,46.48699188
1946,46.67093277
1947,168.2936707
1948,43.70118713
1949,51.87062454
1950,83.41742706
1951,95.45146179
1952,34.10451889
1953,150.1014709
1954,73.09268951
1955,135.2157745
1956,50.68888092
1957,66.23451996
1958,222.6556702
1959,435.7137756
1960,34.1009903
1961,68.95407867
1962,334.4031067
1963,52.08182526
1964,66.85438538
1965,51.52362823
1966,83.41812897
1967,70.25816345
1968,66.50478363
1969,78.02241516
1970,40.2276268
1971,105.6118698
1972,47.40911484
1973,83.36713409
1974,45.07485199
1975,51.87062454
1976,157.6038513
1977,159.037323
1978,50.12257767
1979,50.68888092
1980,66.580513
1981,29.98276329
1982,91.64970398
1983,499.7966614
1984,67.86467743
1985,67.07751465
1986,46.81097412
1987,30.80551529
1988,285.6888733
1989,82.5893631
1990,44.83472824
1991,30.53183174
1992,46.72711945
1993,46.84656143
1994,305.1812134
1995,68.83370972
1996,275.6508179
1997,70.15074158
1998,51.25124741
1999,68.38311005
2000,86.41407776
2001,234.4867249
2002,50.62226105
2003,266.9823608
2004,46.3018074
2005,71.26993561
2006,51.25124741
2007,44.61059189
2008,73.30075836
2009,98.28135681
2010,30.2288456
2011,67.03059387
2012,73.30075836
2013,134.4745331
2014,71.45482635
2015,70.25816345
2016,66.50478363
2017,45.44260788
2018,47.1734314
2019,111.9073944
2020,51.25124741
2021,83.4148941
2022,113.3765259
2023,305.9200134
2024,291.0166931
2025,83.54331207
2026,169.8146057
2027,103.8930893
2028,134.4751587
2029,268.0570068
2030,112.9871826
2031,120.3193817
2032,579.017334
2033,46.3018074
2034,67.39481354
2035,52.02669525
2036,61.96117783
2037,66.85438538
2038,46.67093277
2039,51.31787109
2040,67.08201599
2041,114.4908142
2042,82.88401794
2043,33.59564209
2044,215.5877991
2045,114.4908142
2046,72.7599411
2047,157.6038513
2048,157.6819153
2049,72.96800995
2050,134.2921295
2051,73.30075836
2052,428.3204956
2053,66.50478363
2054,50.62226105
2055,284.694397
2056,208.8518677
2057,71.41777802
2058,67.45397186
2059,67.78891754
2060,111.1417542
2061,36.96645355
2062,83.54331207
2063,43.8608284
2064,65.39647675
2065,37.02077103
2066,113.2140045
2067,112.3044739
2068,174.952713
2069,51.25124741
2070,515.2839966
2071,288.6719971
2072,114.8892975
2073,72.634758
2074,51.25124741
2075,67.86467743
2076,44.61059189
2077,128.1210785
2078,51.25124741
2079,72.7694397
2080,135.0136566
2081,46.02707291
2082,68.83370972
2083,51.87062454
2084,91.53327179
2085,66.72722626
2086,696.3504028
2087,136.3500214
2088,83.4148941
2089,82.5893631
2090,30.45286369
2091,36.72633362
2092,313.2879333
2093,51.25124741
2094,439.9032593
2095,51.79489517
2096,157.3605957
2097,103.547905
2098,82.74776459
2099,68.83370972
2100,66.580513
2101,239.9448547
2102,232.6257782
2103,87.40242004
2104,51.66707611
2105,67.59532928
2106,44.61059189
2107,103.8930893
2108,70.25816345
2109,194.6557007
2110,83.67079926
2111,69.64958191
2112,250.3205414
2113,73.21285248
2114,50.04495621
2115,44.83472824
2116,66.60092163
2117,134.2921295
2118,83.4148941
2119,51.4528389
2120,83.36713409
2121,30.45286369
2122,82.88401794
2123,70.25816345
2124,66.03720856
2125,73.09268951
2126,104.0187378
2127,173.1088562
2128,51.25124741
2129,77.75012207
2130,97.9280777
2131,68.95407867
2132,83.54331207
2133,159.2148132
2134,94.59423828
2135,46.72711945
2136,83.4148941
2137,84.67795563
2138,66.580513
2139,154.1899414
2140,131.2481079
2141,82.75813293
2142,113.2140045
2143,113.2140045
2144,110.9653244
2145,109.3380508
2146,103.8930893
2147,83.4148941
2148,51.31787109
2149,103.0045547
2150,130.8692932
2151,73.30075836
2152,132.9871826
2153,50.62226105
2154,73.30075836
2155,50.68888092
2156,43.8608284
2157,63.04640198
2158,46.46247101
2159,50.76728439
2160,66.50478363
2161,58.42223358
2162,82.5893631
2163,51.25124741
2164,185.3816528
2165,121.186264
2166,113.2140045
2167,82.92836761
2168,105.4706879
2169,70.25816345
2170,73.32613373
2171,51.31787109
2172,68.83370972
2173,196.1737976
2174,69.64958191
2175,43.66555405
2176,103.8291702
2177,196.1737976
2178,45.07485199
2179,83.54331207
2180,56.18959427
2181,44.98062134
2182,73.09268951
2183,142.4025421
2184,83.4148941
2185,67.45397186
2186,411.6967773
2187,120.3193817
2188,134.34935
2189,65.39647675
2190,73.30075836
2191,78.81506348
2192,118.6401367
2193,34.35190964
2194,193.9607544
2195,51.25124741
2196,67.08201599
2197,67.02365875
2198,82.99690247
2199,113.2140045
2200,50.62226105
2201,68.95407867
2202,66.31025696
2203,68.0495224
2204,52.14300537
2205,169.6882477
2206,66.580513
2207,112.0251083
2208,52.0048027
2209,65.91658783
2210,93.64957428
2211,506.8363037
2212,44.83472824
2213,61.25627136
2214,51.25124741
2215,100.9077988
2216,52.15755463
2217,94.42836761
2218,66.50478363
2219,103.8930893
2220,92.88644409
2221,68.06517029
2222,142.9893341
2223,66.48160553
2224,40.2276268
2225,47.29780197
2226,50.68888092
2227,67.89672089
2228,156.5439606
2229,281.0559082
2230,143.7276306
2231,374.6739807
2232,63.67181015
2233,68.41464996
2234,73.09268951
2235,51.87062454
2236,159.9147339
2237,34.4851532
2238,50.84490585
2239,43.70118713
2240,545.7216797
2241,83.4148941
2242,110.9653244
2243,82.67279816
2244,45.59563828
2245,52.10116959
2246,66.8346405
2247,43.8608284
2248,83.4148941
2249,200.427887
2250,101.3988342
2251,82.98574829
2252,100.0341721
2253,43.8608284
2254,65.9923172
2255,82.75813293
2256,36.88355255
2257,223.8752441
2258,146.6673584
2259,52.15755463
2260,68.83370972
2261,73.30075836
2262,159.9740906
2263,83.36713409
2264,84.67795563
2265,113.2140045
2266,43.66555405
2267,51.42250824
2268,51.25124741
2269,79.92720795
2270,110.9653244
2271,36.76810455
2272,147.0259094
2273,67.45397186
2274,67.07751465
2275,81.67617035
2276,47.1734314
2277,68.83370972
2278,271.2276611
2279,72.96800995
2280,142.4597168
2281,47.33282471
2282,68.83370972
2283,50.68888092
2284,98.41596985
2285,73.09268951
2286,102.1639557
2287,49.52442551
2288,51.52856827
2289,52.15755463
2290,67.02045441
2291,103.2308197
2292,122.1268005
2293,113.2140045
2294,148.2966461
2295,103.8930893
2296,51.52856827
2297,70.25816345
2298,43.70118713
2299,83.54331207
2300,108.7454834
2301,159.2148132
2302,68.95407867
2303,250.1762238
2304,44.82196045
2305,142.9893341
2306,183.5990906
2307,159.2148132
2308,114.4908142
2309,50.62226105
2310,83.4148941
2311,68.0495224
2312,82.75813293
2313,112.0251083
2314,52.07142639
2315,68.95407867
2316,51.52083969
2317,94.11450195
2318,44.61059189
2319,50.04495621
2320,51.25124741
2321,204.6906281
2322,68.95407867
2323,66.50478363
2324,73.19172668
2325,82.74776459
2326,44.08496475
2327,70.15074158
2328,287.4724426
2329,73.30075836
2330,51.25124741
2331,515.7411499
2332,30.38686562
2333,51.52856827
2334,134.2496796
2335,70.42423248
2336,185.7170563
2337,142.2792816
2338,83.4148941
2339,113.2140045
2340,46.26285553
2341,69.64958191
2342,30.82343292
2343,101.4978333
2344,85.72930908
2345,51.25124741
2346,83.54331207
2347,50.76728439
2348,83.54331207
2349,154.5974731
2350,72.88010406
2351,166.5969238
2352,83.1166153
2353,83.1166153
2354,66.77864838
2355,44.51636124
2356,135.4958344
2357,154.1300201
2358,68.95407867
2359,53.61803436
2360,83.36713409
2361,119.2056274
2362,67.03059387
2363,259.5306396
2364,419.1117249
2365,55.86822891
2366,44.72320557
2367,100.9061356
2368,67.36746216
2369,149.040451
2370,43.66555405
2371,344.9961853
2372,43.8608284
2373,197.5133667
2374,120.3193817
2375,50.62226105
2376,66.8346405
2377,104.7136688
2378,51.52362823
2379,135.3535156
2380,192.3121338
2381,89.58179474
2382,83.22871399
2383,94.27903748
2384,91.99137878
2385,67.45397186
2386,51.25124741
2387,108.5815659
2388,83.49555206
2389,100.3529816
2390,83.54331207
2391,73.30075836
2392,131.9788818
2393,53.29896545
2394,148.4941864
2395,111.3648834
2396,102.3992691
2397,67.08201599
2398,66.50478363
2399,67.41049194
2400,51.31787109
2401,94.47046661
2402,113.7565155
2403,70.42423248
2404,105.6118698
2405,170.9545288
2406,113.7565155
2407,97.32143402
2408,50.62226105
2409,83.54331207
2410,70.25816345
2411,1089.388306
2412,72.96800995
2413,50.68888092
2414,51.25124741
2415,68.95407867
2416,66.50478363
2417,95.85471344
2418,71.00423431
2419,144.8036041
2420,58.97836304
2421,51.25124741
2422,69.31880951
2423,106.1532135
2424,73.30075836
2425,120.1941986
2426,43.8608284
2427,46.81097412
2428,51.25124741
2429,104.7136688
2430,983.5284424
2431,66.580513
2432,67.86467743
2433,305.2704468
2434,83.4148941
2435,50.84490585
2436,335.5101624
2437,70.25816345
2438,52.08182526
2439,676.8364868
2440,68.22512817
2441,81.36992645
2442,52.08182526
2443,46.67093277
2444,50.68888092
2445,50.62226105
2446,120.3193817
2447,66.50478363
2448,212.3361969
2449,70.25816345
2450,47.39700317
2451,47.2765274
2452,62.72710419
2453,68.95407867
2454,196.6091003
2455,66.50478363
2456,94.11450195
2457,83.4148941
2458,50.68888092
2459,30.57906151
2460,66.50478363
2461,104.6041336
2462,66.50478363
2463,694.4962769
2464,114.4908142
2465,70.15074158
2466,157.0942688
2467,70.25816345
2468,120.3193817
2469,87.74607086
2470,160.157959
2471,102.8293076
2472,46.84656143
2473,144.4412537
2474,72.96800995
2475,73.30075836
2476,201.8250122
2477,113.9656677
2478,208.3769989
2479,82.75813293
2480,70.59772491
2481,67.08201599
2482,36.96645355
2483,66.50478363
2484,69.14476013
2485,270.3642883
2486,78.62905884
2487,51.31787109
2488,113.7565155
2489,104.7293167
2490,143.3395386
2491,46.07767105
2492,51.31787109
2493,83.4148941
2494,113.2140045
2495,51.25124741
2496,73.30075836
2497,123.0559311
2498,50.68888092
2499,83.354599
2500,103.1913223
2501,46.48699188
2502,30.0434761
2503,142.8148041
2504,67.54711151
2505,43.70118713
2506,44.3250885
2507,52.78689575
2508,70.25816345
2509,118.7061615
2510,43.8608284
2511,166.3795471
2512,78.54051208
2513,113.433609
2514,162.1319885
2515,286.8305359
2516,72.96800995
2517,69.08651733
2518,51.25124741
2519,45.44260788
2520,44.08496475
2521,70.25816345
2522,51.31787109
2523,81.65151978
2524,296.6216125
2525,66.7589035
2526,73.30075836
2527,58.73141861
2528,50.62226105
2529,69.80756378
2530,71.26200104
2531,263.8161011
2532,111.3648834
2533,134.2921295
2534,149.8258667
2535,82.79868317
2536,83.41742706
2537,51.52362823
2538,68.83370972
2539,69.64958191
2540,69.35360718
2541,914.3794556
2542,157.3605957
2543,88.38652039
2544,1560.87854
2545,51.31787109
2546,89.49700928
2547,51.25124741
2548,36.72633362
2549,316.9047852
2550,51.31787109
2551,83.2930603
2552,335.5101624
2553,100.5396423
2554,118.7061615
2555,37.76051712
2556,43.94631195
2557,159.2148132
2558,81.5748291
2559,69.05499268
2560,44.41479874
2561,142.7811279
2562,47.29780197
2563,159.037323
2564,29.1882019
2565,157.3605957
2566,68.81782532
2567,47.37353134
2568,29.82474327
2569,82.88401794
2570,529.9188232
2571,51.31787109
2572,83.54331207
2573,193.9552917
2574,83.4148941
2575,146.8972626
2576,144.9403992
2577,147.5055389
2578,83.354599
2579,113.2140045
2580,51.52362823
2581,67.54711151
2582,67.54711151
2583,51.52856827
2584,67.29612732
2585,102.7041245
2586,82.88401794
2587,111.9073944
2588,44.08496475
2589,103.0914764
2590,208.3769989
2591,187.3521118
2592,50.68888092
2593,79.59471893
2594,83.29224396
2595,139.7758789
2596,113.2140045
2597,85.93321228
2598,68.83370972
2599,51.74280548
2600,51.25124741
2601,70.15074158
2602,44.55158234
2603,82.44269562
2604,97.00052643
2605,120.5262909
2606,50.05138779
2607,68.95407867
2608,44.83472824
2609,67.24808502
2610,103.7679062
2611,66.85438538
2612,282.4196472
2613,146.3264008
2614,85.19748688
2615,51.25124741
2616,66.580513
2617,46.67093277
2618,47.1734314
2619,159.2805481
2620,52.51154327
2621,158.9715881
2622,67.08201599
2623,158.9715881
2624,73.30075836
2625,155.6832275
2626,118.8619843
2627,132.9412842
2628,44.3250885
2629,70.25816345
2630,68.95407867
2631,67.79136658
2632,51.35588455
2633,70.25816345
2634,329.1033325
2635,55.70162582
2636,69.85650635
2637,196.1737976
2638,182.0381622
2639,114.4908142
2640,86.47238159
2641,45.07485199
2642,44.08496475
2643,208.3769989
2644,157.3599243
2645,73.30075836
2646,50.62226105
2647,110.4250488
2648,52.08182526
2649,52.96596909
2650,159.2148132
2651,114.4908142
2652,83.38581085
2653,105.6118698
2654,51.25124741
2655,159.037323
2656,67.08201599
2657,68.95407867
2658,113.2140045
2659,249.1021271
2660,381.0661011
2661,51.31787109
2662,361.6863708
2663,30.05973244
